{
  "8": {
    "boat.pgm": {
      "entropy": 7.191614036664514,
      "avg_bit_length": 8.0,
      "bitrate": 1.0,
      "encoded_size": 262182,
      "encoding_size": 510,
      "unencoded_size": 0,
      "original_size": 262182
    },
    "mandril.pgm": {
      "entropy": 7.292764346850595,
      "avg_bit_length": 8.0,
      "bitrate": 1.0,
      "encoded_size": 262182,
      "encoding_size": 448,
      "unencoded_size": 0,
      "original_size": 262182
    },
    "chronometer.pgm": {
      "entropy": 6.1140627573000605,
      "avg_bit_length": 8.0,
      "bitrate": 1.0,
      "encoded_size": 122151,
      "encoding_size": 510,
      "unencoded_size": 140031,
      "original_size": 262182
    },
    "barbara.pgm": {
      "entropy": 7.632238258615477,
      "avg_bit_length": 8.0,
      "bitrate": 1.0,
      "encoded_size": 262182,
      "encoding_size": 470,
      "unencoded_size": 0,
      "original_size": 262182
    },
    "lena.pgm": {
      "entropy": 7.445255132179636,
      "avg_bit_length": 8.0,
      "bitrate": 1.0,
      "encoded_size": 262182,
      "encoding_size": 432,
      "unencoded_size": 0,
      "original_size": 262182
    },
    "peppers.pgm": {
      "entropy": 6.762917070562701,
      "avg_bit_length": 8.0,
      "bitrate": 1.0,
      "encoded_size": 262182,
      "encoding_size": 306,
      "unencoded_size": 0,
      "original_size": 262182
    }
  },
  "9": {
    "boat.pgm": {
      "entropy": 7.191614036664514,
      "avg_bit_length": 12.00785854616896,
      "bitrate": 1.1017947456347117,
      "encoded_size": 288871,
      "encoding_size": 1337,
      "unencoded_size": 0,
      "original_size": 262182
    },
    "mandril.pgm": {
      "entropy": 7.292764346850595,
      "avg_bit_length": 12.008948545861298,
      "bitrate": 1.1131098816852416,
      "encoded_size": 291838,
      "encoding_size": 1174,
      "unencoded_size": 0,
      "original_size": 262182
    },
    "chronometer.pgm": {
      "entropy": 6.1140627573000605,
      "avg_bit_length": 12.007827788649706,
      "bitrate": 1.0522475799253954,
      "encoded_size": 275881,
      "encoding_size": 1342,
      "unencoded_size": 0,
      "original_size": 262182
    },
    "barbara.pgm": {
      "entropy": 7.632238258615477,
      "avg_bit_length": 12.008528784648188,
      "bitrate": 1.11637526603657,
      "encoded_size": 292694,
      "encoding_size": 1232,
      "unencoded_size": 0,
      "original_size": 262182
    },
    "lena.pgm": {
      "entropy": 7.445255132179636,
      "avg_bit_length": 12.009280742459397,
      "bitrate": 1.1143070462503146,
      "encoded_size": 292152,
      "encoding_size": 1132,
      "unencoded_size": 0,
      "original_size": 262182
    },
    "peppers.pgm": {
      "entropy": 6.762917070562701,
      "avg_bit_length": 13.356673960612692,
      "bitrate": 1.0741140696157632,
      "encoded_size": 281614,
      "encoding_size": 1278,
      "unencoded_size": 0,
      "original_size": 262182
    }
  },
  "10": {
    "boat.pgm": {
      "entropy": 7.191614036664514,
      "avg_bit_length": 14.017699115044248,
      "bitrate": 1.180663622979457,
      "encoded_size": 309549,
      "encoding_size": 3054,
      "unencoded_size": 0,
      "original_size": 262182
    },
    "mandril.pgm": {
      "entropy": 7.292764346850595,
      "avg_bit_length": 14.020156774916014,
      "bitrate": 1.2142376288227261,
      "encoded_size": 318352,
      "encoding_size": 2682,
      "unencoded_size": 0,
      "original_size": 262182
    },
    "chronometer.pgm": {
      "entropy": 6.1140627573000605,
      "avg_bit_length": 14.017629774730656,
      "bitrate": 1.0979395992097092,
      "encoded_size": 287860,
      "encoding_size": 3066,
      "unencoded_size": 0,
      "original_size": 262182
    },
    "barbara.pgm": {
      "entropy": 7.632238258615477,
      "avg_bit_length": 14.019210245464247,
      "bitrate": 1.223134120572732,
      "encoded_size": 320684,
      "encoding_size": 2814,
      "unencoded_size": 0,
      "original_size": 262182
    },
    "lena.pgm": {
      "entropy": 7.445255132179636,
      "avg_bit_length": 14.020905923344948,
      "bitrate": 1.2199636130626816,
      "encoded_size": 319853,
      "encoding_size": 2586,
      "unencoded_size": 0,
      "original_size": 262182
    },
    "peppers.pgm": {
      "entropy": 6.762917070562701,
      "avg_bit_length": 14.70317634173056,
      "bitrate": 1.1426509066221175,
      "encoded_size": 299583,
      "encoding_size": 2820,
      "unencoded_size": 0,
      "original_size": 262182
    }
  },
  "11": {
    "boat.pgm": {
      "entropy": 7.191614036664514,
      "avg_bit_length": 15.024102311854403,
      "bitrate": 1.2311500217406228,
      "encoded_size": 322786,
      "encoding_size": 6614,
      "unencoded_size": 0,
      "original_size": 262182
    },
    "mandril.pgm": {
      "entropy": 7.292764346850595,
      "avg_bit_length": 15.139442231075698,
      "bitrate": 1.2855559306130855,
      "encoded_size": 337050,
      "encoding_size": 6561,
      "unencoded_size": 0,
      "original_size": 262182
    },
    "chronometer.pgm": {
      "entropy": 6.1140627573000605,
      "avg_bit_length": 15.024007839294464,
      "bitrate": 1.10790023723978,
      "encoded_size": 290472,
      "encoding_size": 6640,
      "unencoded_size": 0,
      "original_size": 262182
    },
    "barbara.pgm": {
      "entropy": 7.632238258615477,
      "avg_bit_length": 15.026161238654565,
      "bitrate": 1.3177778222761287,
      "encoded_size": 345498,
      "encoding_size": 6094,
      "unencoded_size": 0,
      "original_size": 262182
    },
    "lena.pgm": {
      "entropy": 7.445255132179636,
      "avg_bit_length": 15.140495867768594,
      "bitrate": 1.2943036707325446,
      "encoded_size": 339344,
      "encoding_size": 6326,
      "unencoded_size": 0,
      "original_size": 262182
    },
    "peppers.pgm": {
      "entropy": 6.762917070562701,
      "avg_bit_length": 15.429438543247345,
      "bitrate": 1.1516179600430236,
      "encoded_size": 301934,
      "encoding_size": 6532,
      "unencoded_size": 0,
      "original_size": 262182
    }
  },
  "12": {
    "boat.pgm": {
      "entropy": 7.191614036664514,
      "avg_bit_length": 15.527675276752767,
      "bitrate": 1.2369155777284482,
      "encoded_size": 324297,
      "encoding_size": 13988,
      "unencoded_size": 0,
      "original_size": 262182
    },
    "mandril.pgm": {
      "entropy": 7.292764346850595,
      "avg_bit_length": 15.587546699875467,
      "bitrate": 1.3241011968785041,
      "encoded_size": 347156,
      "encoding_size": 13846,
      "unencoded_size": 0,
      "original_size": 262182
    },
    "chronometer.pgm": {
      "entropy": 6.1140627573000605,
      "avg_bit_length": 15.527566772849791,
      "bitrate": 1.0553928187289745,
      "encoded_size": 276705,
      "encoding_size": 14043,
      "unencoded_size": 0,
      "original_size": 262182
    },
    "barbara.pgm": {
      "entropy": 7.632238258615477,
      "avg_bit_length": 15.55968836391053,
      "bitrate": 1.365007895278852,
      "encoded_size": 357881,
      "encoding_size": 13708,
      "unencoded_size": 0,
      "original_size": 262182
    },
    "lena.pgm": {
      "entropy": 7.445255132179636,
      "avg_bit_length": 15.612334801762115,
      "bitrate": 1.335371993500698,
      "encoded_size": 350111,
      "encoding_size": 14103,
      "unencoded_size": 0,
      "original_size": 262182
    },
    "peppers.pgm": {
      "entropy": 6.762917070562701,
      "avg_bit_length": 15.740956235770302,
      "bitrate": 1.106351694624345,
      "encoded_size": 290066,
      "encoding_size": 13708,
      "unencoded_size": 0,
      "original_size": 262182
    }
  },
  "13": {
    "boat.pgm": {
      "entropy": 7.191614036664514,
      "avg_bit_length": 15.779554680772543,
      "bitrate": 1.1985476691763737,
      "encoded_size": 314238,
      "encoding_size": 29244,
      "unencoded_size": 0,
      "original_size": 262182
    },