{
  "8": {
    "lena.pgm": {
      "entropy": 7.445255132179636,
      "avg_bit_length": 8.0,
      "bitrate": 8.0,
      "encoded_size": 262182,
      "encoding_size": 432,
      "unencoded_size": 0,
      "original_size": 262182
    },
    "mandril.pgm": {
      "entropy": 7.292764346850595,
      "avg_bit_length": 8.0,
      "bitrate": 8.0,
      "encoded_size": 262182,
      "encoding_size": 448,
      "unencoded_size": 0,
      "original_size": 262182
    },
    "boat.pgm": {
      "entropy": 7.191614036664514,
      "avg_bit_length": 8.0,
      "bitrate": 8.0,
      "encoded_size": 262182,
      "encoding_size": 510,
      "unencoded_size": 0,
      "original_size": 262182
    },
    "chronometer.pgm": {
      "entropy": 6.1140627573000605,
      "avg_bit_length": 8.0,
      "bitrate": 8.0,
      "encoded_size": 122151,
      "encoding_size": 510,
      "unencoded_size": 140031,
      "original_size": 262182
    },
    "barbara.pgm": {
      "entropy": 7.632238258615477,
      "avg_bit_length": 8.0,
      "bitrate": 8.0,
      "encoded_size": 262182,
      "encoding_size": 470,
      "unencoded_size": 0,
      "original_size": 262182
    },
    "peppers.pgm": {
      "entropy": 6.762917070562701,
      "avg_bit_length": 8.0,
      "bitrate": 8.0,
      "encoded_size": 262182,
      "encoding_size": 306,
      "unencoded_size": 0,
      "original_size": 262182
    }
  },
  "9": {
    "lena.pgm": {
      "entropy": 7.445255132179636,
      "avg_bit_length": 12.009280742459397,
      "bitrate": 8.914456370002517,
      "encoded_size": 292152,
      "encoding_size": 1132,
      "unencoded_size": 0,
      "original_size": 262182
    },
    "mandril.pgm": {
      "entropy": 7.292764346850595,
      "avg_bit_length": 12.008948545861298,
      "bitrate": 8.904879053481933,
      "encoded_size": 291838,
      "encoding_size": 1174,
      "unencoded_size": 0,
      "original_size": 262182
    },
    "boat.pgm": {
      "entropy": 7.191614036664514,
      "avg_bit_length": 12.00785854616896,
      "bitrate": 8.814357965077694,
      "encoded_size": 288871,
      "encoding_size": 1337,
      "unencoded_size": 0,
      "original_size": 262182
    },
    "chronometer.pgm": {
      "entropy": 6.1140627573000605,
      "avg_bit_length": 12.007827788649706,
      "bitrate": 8.417980639403163,
      "encoded_size": 275881,
      "encoding_size": 1342,
      "unencoded_size": 0,
      "original_size": 262182
    },
    "barbara.pgm": {
      "entropy": 7.632238258615477,
      "avg_bit_length": 12.008528784648188,
      "bitrate": 8.93100212829256,
      "encoded_size": 292694,
      "encoding_size": 1232,
      "unencoded_size": 0,
      "original_size": 262182
    },
    "peppers.pgm": {
      "entropy": 6.762917070562701,
      "avg_bit_length": 13.356673960612692,
      "bitrate": 8.592912556926105,
      "encoded_size": 281614,
      "encoding_size": 1278,
      "unencoded_size": 0,
      "original_size": 262182
    }
  },
  "10": {
    "lena.pgm": {
      "entropy": 7.445255132179636,
      "avg_bit_length": 14.020905923344948,
      "bitrate": 9.759708904501453,
      "encoded_size": 319853,
      "encoding_size": 2586,
      "unencoded_size": 0,
      "original_size": 262182
    },
    "mandril.pgm": {
      "entropy": 7.292764346850595,
      "avg_bit_length": 14.020156774916014,
      "bitrate": 9.713901030581809,
      "encoded_size": 318352,
      "encoding_size": 2682,
      "unencoded_size": 0,
      "original_size": 262182
    },
    "boat.pgm": {
      "entropy": 7.191614036664514,
      "avg_bit_length": 14.017699115044248,
      "bitrate": 9.445308983835655,
      "encoded_size": 309549,
      "encoding_size": 3054,
      "unencoded_size": 0,
      "original_size": 262182
    },
    "chronometer.pgm": {
      "entropy": 6.1140627573000605,
      "avg_bit_length": 14.017629774730656,
      "bitrate": 8.783516793677673,
      "encoded_size": 287860,
      "encoding_size": 3066,
      "unencoded_size": 0,
      "original_size": 262182
    },
    "barbara.pgm": {
      "entropy": 7.632238258615477,
      "avg_bit_length": 14.019210245464247,
      "bitrate": 9.785072964581856,
      "encoded_size": 320684,
      "encoding_size": 2814,
      "unencoded_size": 0,
      "original_size": 262182
    },
    "peppers.pgm": {
      "entropy": 6.762917070562701,
      "avg_bit_length": 14.70317634173056,
      "bitrate": 9.14120725297694,
      "encoded_size": 299583,
      "encoding_size": 2820,
      "unencoded_size": 0,
      "original_size": 262182
    }
  },
  "11": {
    "lena.pgm": {
      "entropy": 7.445255132179636,
      "avg_bit_length": 15.140495867768594,
      "bitrate": 10.354429365860357,
      "encoded_size": 339344,
      "encoding_size": 6326,
      "unencoded_size": 0,
      "original_size": 262182
    },
    "mandril.pgm": {
      "entropy": 7.292764346850595,
      "avg_bit_length": 15.139442231075698,
      "bitrate": 10.284447444904684,
      "encoded_size": 337050,
      "encoding_size": 6561,
      "unencoded_size": 0,
      "original_size": 262182
    },
    "boat.pgm": {
      "entropy": 7.191614036664514,
      "avg_bit_length": 15.024102311854403,
      "bitrate": 9.849200173924983,
      "encoded_size": 322786,
      "encoding_size": 6614,
      "unencoded_size": 0,
      "original_size": 262182
    },
    "chronometer.pgm": {
      "entropy": 6.1140627573000605,
      "avg_bit_length": 15.024007839294464,
      "bitrate": 8.86320189791824,
      "encoded_size": 290472,
      "encoding_size": 6640,
      "unencoded_size": 0,
      "original_size": 262182
    },
    "barbara.pgm": {
      "entropy": 7.632238258615477,
      "avg_bit_length": 15.026161238654565,
      "bitrate": 10.54222257820903,
      "encoded_size": 345498,
      "encoding_size": 6094,
      "unencoded_size": 0,
      "original_size": 262182
    },
    "peppers.pgm": {
      "entropy": 6.762917070562701,
      "avg_bit_length": 15.429438543247345,
      "bitrate": 9.212943680344189,
      "encoded_size": 301934,
      "encoding_size": 6532,
      "unencoded_size": 0,
      "original_size": 262182
    }
  },
  "12": {
    "lena.pgm": {
      "entropy": 7.445255132179636,
      "avg_bit_length": 15.612334801762115,
      "bitrate": 10.682975948005584,
      "encoded_size": 350111,
      "encoding_size": 14103,
      "unencoded_size": 0,
      "original_size": 262182
    },
    "mandril.pgm": {
      "entropy": 7.292764346850595,
      "avg_bit_length": 15.587546699875467,
      "bitrate": 10.592809575028033,
      "encoded_size": 347156,
      "encoding_size": 13846,
      "unencoded_size": 0,
      "original_size": 262182
    },
    "boat.pgm": {
      "entropy": 7.191614036664514,
      "avg_bit_length": 15.527675276752767,
      "bitrate": 9.895324621827585,
      "encoded_size": 324297,
      "encoding_size": 13988,
      "unencoded_size": 0,
      "original_size": 262182
    },
    "chronometer.pgm": {
      "entropy": 6.1140627573000605,
      "avg_bit_length": 15.527566772849791,
      "bitrate": 8.443142549831796,
      "encoded_size": 276705,
      "encoding_size": 14043,
      "unencoded_size": 0,
      "original_size": 262182
    },
    "barbara.pgm": {
      "entropy": 7.632238258615477,
      "avg_bit_length": 15.55968836391053,
      "bitrate": 10.920063162230816,
      "encoded_size": 357881,
      "encoding_size": 13708,
      "unencoded_size": 0,
      "original_size": 262182
    },
    "peppers.pgm": {
      "entropy": 6.762917070562701,
      "avg_bit_length": 15.740956235770302,
      "bitrate": 8.85081355699476,
      "encoded_size": 290066,
      "encoding_size": 13708,
      "unencoded_size": 0,
      "original_size": 262182
    }
  },
  "13": {
    "lena.pgm": {
      "entropy": 7.445255132179636,
      "avg_bit_length": 15.824746053114675,
      "bitrate": 10.479899459154328,
      "encoded_size": 343456,
      "encoding_size": 29441,
      "unencoded_size": 0,
      "original_size": 262182
    },